source,lieu,dTx_JJA,dP90,dP99,j30_avant,j30_apres,dtas_AN
era5land,France,1.072,1.292,2.046,1.767,4.400,0.761
era5land,Paris,1.119,1.000,2.000,4.433,6.600,0.803
era5land,Lyon,1.423,1.500,1.929,9.333,16.933,0.927
era5land,Bordeaux,0.904,1.000,1.037,14.933,18.933,0.646
era5land,Toulouse,1.485,1.690,1.898,15.033,24.400,0.789
era5land,Grenoble,1.210,1.500,1.352,2.500,6.167,0.950
era5land,Madrid,1.274,0.750,1.250,51.600,62.033,0.785
icon,France,0.802,1.151,1.249,0.467,1.333,0.749
icon,Paris,0.681,0.813,0.904,6.433,9.500,0.692
icon,Lyon,0.893,1.164,1.596,12.867,18.767,0.840
icon,Bordeaux,0.872,1.350,1.435,20.267,25.767,0.782
icon,Toulouse,0.977,1.686,1.253,19.833,27.567,0.825
icon,Grenoble,0.943,1.508,1.679,0.967,3.300,0.825
icon,Madrid,0.899,1.200,1.400,14.100,22.000,0.774
rca4,France,0.678,0.732,1.025,1.133,2.033,0.597
rca4,Paris,0.713,1.037,0.254,5.367,6.633,0.587
rca4,Lyon,0.680,0.617,1.785,14.567,17.767,0.614
rca4,Bordeaux,0.670,0.827,0.902,17.000,20.000,0.591
rca4,Toulouse,0.523,0.480,1.328,21.233,24.400,0.580
rca4,Grenoble,0.677,0.833,2.054,4.133,5.967,1.047
rca4,Madrid,0.413,0.856,1.143,50.133,53.267,0.433
