source,era5land,era5land,era5land,icon,icon,icon,rca4,rca4,rca4,rca4_corrige,rca4_corrige,rca4_corrige
indicateur,tas_AN,tas_JJA,Tx_JJA,tas_AN,tas_JJA,Tx_JJA,tas_AN,tas_JJA,Tx_JJA,tas_AN,tas_JJA,Tx_JJA
1976,-0.134,1.373,1.832,-0.609,-0.898,-1.073,-0.641,-0.997,-1.426,-0.694,-1.060,-1.417
1977,-0.540,-2.141,-2.683,-1.139,-0.833,-1.312,-0.326,-0.326,-0.431,-0.310,-0.297,-0.391
1978,-0.900,-1.941,-2.174,-0.833,0.395,0.878,0.225,1.301,1.862,0.256,1.333,1.788
1979,-0.805,-1.036,-1.298,0.069,-0.251,-0.144,-0.480,-0.335,-0.289,-0.498,-0.244,-0.153
1980,-1.165,-1.779,-2.217,-0.869,-1.222,-1.277,0.420,-0.330,-0.110,0.415,-0.274,-0.030
1981,-0.457,-1.099,-1.383,-0.365,-0.494,-0.779,-0.174,-1.507,-1.989,-0.212,-1.577,-1.964
1982,0.279,0.200,0.040,-0.526,0.093,0.349,-0.079,-0.623,-1.087,-0.095,-0.626,-1.074
1983,0.045,1.152,1.255,0.088,1.321,1.647,-0.196,0.660,1.087,-0.137,0.766,1.144
1984,-0.676,-0.637,-0.493,-0.018,-0.132,-0.217,-0.493,-0.590,-0.600,-0.485,-0.624,-0.594
1985,-0.898,-0.848,-0.852,-0.339,-0.999,-1.331,0.496,-0.183,-0.234,0.521,-0.235,-0.287
1986,-0.623,-0.441,-0.419,0.769,0.546,0.976,-0.323,-0.104,-0.169,-0.312,-0.075,-0.130
1987,-0.609,-0.841,-1.120,-0.076,0.563,0.966,-0.047,1.830,2.664,-0.077,1.731,2.355
1988,0.231,-0.684,-0.819,-0.363,-1.052,-1.324,-0.403,0.971,1.162,-0.377,1.029,1.155
1989,0.879,0.721,0.957,-0.120,-0.074,-0.048,-0.161,0.518,1.079,-0.163,0.465,0.966
1990,0.794,0.590,0.715,0.254,0.800,1.008,-0.701,-1.708,-2.334,-0.741,-1.776,-2.270
1991,-0.275,0.227,0.319,-0.502,0.097,-0.049,0.069,2.019,2.694,0.098,2.194,2.762
1992,0.055,0.068,-0.125,-0.099,-0.359,-0.836,-0.066,0.563,0.436,0.092,0.771,0.672
1993,-0.187,-0.338,-0.236,0.040,-0.110,-0.154,0.879,0.453,0.357,0.906,0.542,0.432
1994,0.969,1.327,1.543,0.170,-0.407,-0.260,0.151,0.445,0.639,0.105,0.388,0.508
1995,0.467,0.781,0.867,-0.165,-0.207,-0.352,-0.631,-1.563,-2.175,-0.636,-1.646,-2.172
1996,-0.547,-0.239,-0.201,-0.506,-0.099,-0.103,0.075,0.539,0.669,0.052,0.605,0.684
1997,0.702,0.289,0.134,0.126,-0.156,-0.420,-0.146,0.950,1.347,-0.175,1.050,1.409
1998,0.031,0.027,0.161,0.293,-0.248,-0.072,1.045,1.027,1.406,1.055,1.018,1.327
1999,0.426,0.227,0.168,0.510,0.523,0.785,0.054,-0.670,-0.754,0.056,-0.791,-0.875
2000,0.513,-0.153,-0.082,0.679,0.029,-0.005,-0.576,-1.275,-1.755,-0.643,-1.404,-1.757
2001,0.209,0.324,0.466,0.724,0.908,0.989,0.439,-1.188,-1.939,0.404,-1.294,-1.944
2002,0.686,-0.110,-0.264,0.853,0.845,0.798,0.142,-0.217,-0.321,0.120,-0.274,-0.348
2003,1.097,3.550,4.167,0.846,0.606,0.853,-0.008,-0.857,-1.116,-0.011,-0.921,-1.072
2004,0.183,0.540,0.606,-0.357,0.258,0.111,0.596,1.418,1.565,0.604,1.487,1.534
2005,0.249,0.890,1.138,1.465,0.560,0.393,0.858,-0.219,-0.237,0.896,-0.259,-0.259
2006,0.860,1.351,1.547,0.041,0.102,-0.405,0.076,-0.791,-1.580,0.074,-0.832,-1.519
2007,0.449,-0.664,-0.986,0.977,0.219,0.443,0.930,0.013,0.075,0.954,-0.012,0.080
2008,-0.012,-0.288,-0.421,0.706,0.957,0.832,0.693,0.445,0.745,0.668,0.399,0.684
2009,0.494,0.901,1.158,1.814,2.107,2.731,0.312,0.657,0.908,0.299,0.719,0.950
2010,-0.664,0.570,0.545,0.717,0.952,1.208,-0.078,0.223,-0.036,-0.075,0.347,0.154
2011,1.279,-0.290,-0.329,0.694,0.170,-0.108,0.622,1.348,1.989,0.599,1.317,1.867
2012,0.338,0.492,0.597,0.614,0.543,0.306,0.298,0.735,0.845,0.321,0.696,0.796
2013,-0.105,0.706,0.863,1.712,2.713,3.655,0.437,-0.827,-1.385,0.457,-0.865,-1.280
2014,1.179,-0.065,-0.250,0.860,0.930,0.681,1.182,1.488,1.517,1.181,1.553,1.544
2015,1.141,1.958,2.379,1.205,1.498,1.538,1.174,2.959,3.860,1.252,3.068,3.778
2016,0.693,0.852,0.871,0.445,0.730,0.696,0.799,1.625,1.894,0.867,1.801,2.018
2017,1.029,1.905,2.059,1.253,0.694,0.680,0.339,-0.111,-0.177,0.313,-0.163,-0.218
2018,1.663,2.401,2.512,0.721,0.325,-0.045,1.026,2.827,3.764,1.040,2.995,3.757
2019,1.375,2.417,2.956,0.864,0.974,0.833,0.886,0.456,0.307,0.836,0.404,0.295
2020,1.830,1.509,1.660,0.443,1.204,1.089,0.449,0.041,-0.394,0.455,-0.007,-0.379
2021,0.466,0.528,0.324,0.643,0.694,0.509,0.911,1.392,1.942,0.902,1.400,1.887
2022,2.228,3.260,3.885,1.218,0.980,0.873,1.352,1.912,2.460,1.331,1.954,2.418
2023,1.946,2.120,2.209,1.143,1.967,2.368,1.568,0.796,0.751,1.588,0.850,0.857
2024,1.435,1.280,1.239,0.548,1.415,2.064,0.714,0.557,0.299,0.741,0.619,0.415
2025,1.670,2.701,3.048,1.220,0.997,0.789,1.747,3.313,3.704,1.769,3.294,3.521
2026,,,,0.410,1.286,1.785,1.114,1.407,1.542,1.123,1.446,1.580
2027,,,,1.234,1.200,1.291,0.521,0.414,0.276,0.484,0.337,0.238
2028,,,,1.278,1.763,2.338,1.282,1.598,1.668,1.304,1.553,1.551
2029,,,,1.471,2.324,2.783,0.386,0.998,0.579,0.424,1.127,0.788
2030,,,,1.130,0.362,0.018,0.649,-0.109,-0.357,0.636,-0.220,-0.378
2031,,,,1.680,1.667,1.930,1.205,1.276,1.310,1.231,1.288,1.364
2032,,,,1.260,1.588,1.505,0.887,0.080,-0.211,0.891,0.091,-0.080
2033,,,,1.313,1.527,1.855,1.180,0.953,0.993,1.182,0.960,1.014
2034,,,,0.397,0.849,0.001,0.881,0.030,-0.427,0.823,-0.053,-0.411
2035,,,,0.958,0.831,0.726,0.882,0.965,1.082,0.855,0.820,0.912
2036,,,,1.114,1.633,1.626,1.100,2.174,2.591,1.115,2.315,2.694
2037,,,,1.909,3.185,3.601,0.057,0.425,0.032,0.111,0.416,0.131
2038,,,,1.019,0.710,0.488,2.477,3.970,4.974,2.550,4.104,4.957
2039,,,,0.784,0.346,-0.156,2.508,2.402,3.010,2.550,2.321,2.815
2040,,,,0.894,0.152,-0.470,0.566,0.832,0.702,0.514,0.752,0.669
2041,,,,1.880,1.907,2.322,1.209,1.249,1.313,1.243,1.294,1.399
2042,,,,0.426,1.333,1.193,1.772,2.318,2.952,1.799,2.397,2.991
2043,,,,1.794,1.616,1.784,1.034,0.964,1.046,1.059,0.915,1.039
2044,,,,2.130,1.467,1.525,0.544,2.945,3.855,0.544,3.047,3.888
2045,,,,1.240,1.043,0.836,1.208,1.079,1.382,1.189,1.070,1.429
2046,,,,0.243,1.226,1.084,0.910,1.962,2.268,0.821,1.838,2.110
2047,,,,1.830,0.976,1.183,1.757,2.870,3.477,1.773,3.009,3.577
2048,,,,0.869,0.867,0.778,2.243,2.592,3.099,2.292,2.700,3.199
2049,,,,1.449,1.559,1.478,1.067,1.753,1.607,1.003,1.726,1.596
2050,,,,2.384,2.313,2.193,1.715,2.164,2.835,1.711,2.155,2.811
2051,,,,0.884,0.241,-0.079,1.869,3.288,4.100,1.899,3.454,4.197
2052,,,,1.864,0.600,0.355,1.411,1.505,1.692,1.396,1.443,1.690
2053,,,,1.769,2.038,2.044,2.484,3.763,4.731,2.571,3.956,4.821
2054,,,,0.725,2.057,2.100,0.747,0.026,-0.196,0.698,-0.164,-0.272
2055,,,,1.716,1.268,0.958,2.262,3.626,4.595,2.240,3.607,4.446
2056,,,,1.585,1.755,2.164,1.705,3.067,3.830,1.668,3.026,3.686
2057,,,,1.110,0.360,-0.042,1.075,1.481,1.559,1.090,1.425,1.546
2058,,,,1.116,2.101,2.051,1.641,2.437,2.731,1.615,2.448,2.676
2059,,,,2.201,2.595,3.311,2.243,2.245,2.555,2.249,2.163,2.509
2060,,,,1.315,1.847,1.773,2.574,2.986,3.277,2.641,3.069,3.346
2061,,,,1.881,2.382,2.454,1.526,1.693,1.863,1.490,1.660,1.878
2062,,,,1.331,2.236,2.546,1.237,1.740,1.960,1.209,1.657,1.919
2063,,,,1.839,1.769,1.919,1.842,2.473,2.864,1.870,2.503,2.892
2064,,,,2.616,2.771,2.915,1.320,2.071,2.181,1.394,2.174,2.342
2065,,,,1.013,2.335,2.405,2.836,3.558,4.246,2.931,3.755,4.385
2066,,,,3.249,3.557,3.852,2.903,2.784,3.068,2.901,2.863,3.118
2067,,,,1.566,2.868,2.842,1.539,1.716,1.449,1.566,1.745,1.550
2068,,,,1.975,2.342,2.503,2.105,1.964,2.267,2.107,1.972,2.303
2069,,,,2.647,2.717,2.415,2.482,4.316,5.127,2.493,4.421,5.085
2070,,,,1.215,2.220,2.317,1.357,1.332,1.139,1.336,1.249,1.113
2071,,,,1.222,1.402,1.339,2.223,3.270,3.999,2.249,3.284,3.949
2072,,,,2.369,2.162,2.314,1.056,0.605,0.332,0.974,0.434,0.271
2073,,,,2.878,2.902,3.139,2.450,2.778,3.320,2.458,2.829,3.381
2074,,,,2.692,2.337,2.164,1.744,2.752,2.949,1.763,2.712,2.881
2075,,,,2.526,2.216,2.199,1.753,3.600,4.541,1.840,3.698,4.596
2076,,,,2.369,2.200,2.003,1.335,2.238,2.631,1.378,2.244,2.608
2077,,,,2.146,2.088,1.714,1.118,1.763,1.768,1.118,1.804,1.862
2078,,,,2.865,4.061,4.725,1.637,0.838,0.756,1.643,0.740,0.771
2079,,,,2.117,3.373,3.327,2.996,2.499,2.592,2.983,2.550,2.646
2080,,,,3.553,3.404,3.326,2.577,2.085,1.634,2.573,2.046,1.636
2081,,,,3.158,4.033,4.424,1.096,1.081,0.919,1.049,0.966,0.871
2082,,,,2.712,3.708,3.810,1.612,1.133,1.200,1.538,0.972,1.089
2083,,,,2.903,2.860,2.681,3.088,5.744,6.745,3.155,6.015,6.812
2084,,,,3.540,3.026,3.100,2.611,2.338,2.503,2.597,2.323,2.526
2085,,,,2.859,3.163,3.226,3.190,4.808,5.847,3.167,4.826,5.671
2086,,,,2.863,3.102,2.891,2.758,3.573,4.171,2.745,3.591,4.121
2087,,,,3.135,2.643,2.769,2.474,3.213,3.668,2.454,3.201,3.612
2088,,,,3.256,3.365,3.435,2.457,2.863,3.018,2.450,2.908,3.072
2089,,,,2.725,2.750,2.458,2.566,4.192,4.636,2.566,4.211,4.565
2090,,,,3.251,3.639,3.952,1.307,-0.136,-1.117,1.251,-0.327,-1.147
2091,,,,3.366,3.211,2.915,2.251,1.886,2.079,2.234,1.878,2.121
2092,,,,3.507,2.682,2.361,2.816,1.992,2.215,2.819,1.978,2.252
2093,,,,3.334,4.995,4.960,2.187,3.238,3.999,2.227,3.275,4.027
2094,,,,2.897,3.099,3.127,2.644,4.253,5.099,2.705,4.486,5.205
2095,,,,3.177,4.223,4.184,2.446,3.009,3.875,2.457,3.011,3.806
2096,,,,3.746,4.829,5.049,1.146,3.005,3.608,1.203,3.025,3.596
2097,,,,3.405,4.096,4.060,1.804,1.422,1.402,1.812,1.444,1.517
2098,,,,3.751,3.589,3.696,1.526,3.076,3.165,1.558,3.176,3.257
2099,,,,3.177,4.944,4.930,2.689,3.177,3.770,2.721,3.202,3.766
2100,,,,3.268,3.542,3.221,1.956,1.307,1.231,1.980,1.356,1.416
