simulation,CNRM-ESM2-1 / ICON-CLM,CNRM-ESM2-1 / ICON-CLM,CNRM-ESM2-1 / ICON-CLM,MPI-ESM1-2-HR / ICON-CLM,MPI-ESM1-2-HR / ICON-CLM,MPI-ESM1-2-HR / ICON-CLM,MIROC6 / ICON-CLM,MIROC6 / ICON-CLM,MIROC6 / ICON-CLM,MIROC6 / CCLM6-0-1,MIROC6 / CCLM6-0-1,MIROC6 / CCLM6-0-1,EC-Earth3-Veg / CCLM6-0-1,EC-Earth3-Veg / CCLM6-0-1,EC-Earth3-Veg / CCLM6-0-1,CMCC-CM2-SR5 / CNRM-ALADIN64E1,CMCC-CM2-SR5 / CNRM-ALADIN64E1,CMCC-CM2-SR5 / CNRM-ALADIN64E1,NorESM2-MM / CNRM-ALADIN64E1,NorESM2-MM / CNRM-ALADIN64E1,NorESM2-MM / CNRM-ALADIN64E1,ERA5 / ICON-CLM,ERA5 / ICON-CLM,ERA5 / ICON-CLM,ERA5 / CNRM-ALADIN64E1,ERA5 / CNRM-ALADIN64E1,ERA5 / CNRM-ALADIN64E1,ERA5-Land,ERA5-Land,ERA5-Land,EC-EARTH / RCA4 (RCP4.5),EC-EARTH / RCA4 (RCP4.5),EC-EARTH / RCA4 (RCP4.5)
indicateur,tas_AN,tas_JJA,Tx_JJA,tas_AN,tas_JJA,Tx_JJA,tas_AN,tas_JJA,Tx_JJA,tas_AN,tas_JJA,Tx_JJA,tas_AN,tas_JJA,Tx_JJA,tas_AN,tas_JJA,Tx_JJA,tas_AN,tas_JJA,Tx_JJA,tas_AN,tas_JJA,Tx_JJA,tas_AN,tas_JJA,Tx_JJA,tas_AN,tas_JJA,Tx_JJA,tas_AN,tas_JJA,Tx_JJA
1950,-1.341,-1.644,-1.643,-1.649,-1.389,-1.574,-0.732,0.117,,,,,,,,,,,,,,,,,,,,,,,,,
1951,-1.394,-1.267,-1.382,-0.350,-0.481,-0.668,0.054,-0.112,,,,,,,,,,,,,,,,,,,,,,,,,
1952,-0.828,-0.622,-0.638,-0.503,-1.316,-1.228,-0.546,-0.281,,,,,,,,,,,,,,,,,,,,,,,,,
1953,-0.200,0.037,0.382,-0.749,-0.584,-0.634,-0.107,-1.578,,,,,,,,,,,,,,,,,,,,,,,,,
1954,-1.057,-0.598,-0.526,0.440,0.971,1.839,0.284,0.975,,,,,,,,,,,,,,,,,,,,,,,,,
1955,-0.257,-0.399,-0.759,0.214,-0.243,-0.241,-0.150,0.428,,,,,,,,,,,,,,,,,,,,,,,,,
1956,-0.529,0.390,0.810,0.275,1.160,1.813,0.165,0.006,,,,,,,,,,,,,,,,,,,,,,,,,
1957,-0.759,-0.287,-0.380,0.960,1.635,2.153,-0.501,0.367,,,,,,,,,,,,,,,,,,,,,,,,,
1958,-0.859,0.014,0.503,-0.134,0.035,0.221,0.339,0.295,,,,,,,,,,,,,,,,,,,,,,,,,
1959,-0.527,0.088,0.437,0.326,0.883,0.820,0.053,-0.525,,,,,,,,,,,,,,,,,,,,,,,,,
1960,-0.732,0.079,0.261,-0.502,-0.959,-0.848,-0.092,-0.377,,,,,,,,,,,,,,,,,,,,,,,,,
1961,-0.131,-0.247,0.038,-0.308,0.604,1.078,-0.091,0.402,,,,,,,,,,,,,,,,,,,,,,,,,
1962,-0.795,-0.604,-0.769,-0.159,0.098,0.367,0.071,-1.048,,,,,,,,,,,,,,,,,,,,,,,,,
1963,0.053,-0.117,-0.341,0.077,0.521,0.529,0.188,-0.533,,,,,,,,,,,,,,,,,,,,,,,,,
1964,0.586,-0.077,-0.049,0.553,1.484,2.394,-0.157,-0.019,,,,,,,,,,,,,,,,,,,,,,,,,
1965,-0.976,-0.059,-0.106,0.052,0.003,-0.122,-0.219,-0.013,,,,,,,,,,,,,,,,,,,,,,,,,
1966,-0.721,-0.321,-0.749,0.015,-0.335,-0.269,-1.063,-0.612,,,,,,,,,,,,,,,,,,,,,,,,,
1967,-0.857,-1.009,-1.426,0.117,-0.715,-0.626,-0.430,-0.627,,,,,,,,,,,,,,,,,,,,,,,,,
1968,-1.111,-1.169,-1.444,-0.601,-0.065,0.061,-0.078,0.364,,,,,,,,,,,,,,,,,,,,,,,,,
1969,-1.281,0.359,0.673,-0.489,1.073,1.915,0.420,-0.105,,,,,,,,,,,,,,,,,,,,,,,,,
1970,-0.089,0.448,0.611,-0.826,-1.121,-1.640,-0.331,-0.107,,,,,,,,,,,,,,,,,,,,,,,,,
1971,-0.501,-0.458,-0.538,0.434,0.548,0.902,0.386,-0.627,-1.056,0.341,-0.804,-1.268,-0.275,-1.291,-1.852,-0.540,-1.096,-1.394,-1.423,-1.316,-1.619,-0.809,-0.578,-1.003,-0.405,-0.716,-0.940,,,,,,
1972,-0.795,-0.481,-0.806,-0.823,-0.835,-0.935,-0.152,-0.648,-0.654,-0.101,-0.741,-0.808,-0.508,-1.357,-1.429,-1.408,-1.619,-1.961,-2.462,-2.079,-2.406,-1.106,-2.084,-2.601,-1.164,-3.121,-3.995,,,,,,
1973,-0.498,0.340,0.754,0.574,2.304,3.291,-0.277,0.256,0.621,0.055,0.602,1.059,0.190,0.188,0.516,-0.491,-0.837,-1.122,-1.338,-1.310,-1.685,-0.678,0.316,0.266,-1.123,-1.004,-1.363,,,,,,
1974,-0.668,-0.683,-0.650,0.233,-0.095,-0.405,-0.713,-1.368,-1.941,-0.662,-1.604,-2.286,-0.304,0.175,0.508,-0.469,0.890,1.368,-0.748,-2.327,-2.982,-0.377,-0.936,-0.821,-0.693,-0.963,-0.859,,,,,,
1975,-1.523,-0.272,0.249,0.082,-0.758,-1.245,-0.657,-0.828,-1.029,-0.562,-1.054,-1.369,-0.743,0.569,1.086,-0.452,-0.748,-0.821,-0.771,-1.885,-2.054,-0.310,0.098,0.325,-0.394,1.037,1.539,,,,,,
1976,-0.609,-0.898,-1.073,-0.232,-0.788,-0.847,-0.564,-1.073,-1.336,-0.507,-1.018,-1.199,0.608,0.730,0.899,-0.507,-0.572,-0.608,0.307,0.907,1.366,-0.331,1.124,2.152,-0.342,1.899,2.385,-0.134,1.373,1.832,-0.641,-0.997,-1.426
1977,-1.139,-0.833,-1.312,-0.736,-0.869,-1.101,-1.163,-0.773,-0.993,-1.307,-0.912,-1.066,0.115,-0.069,0.216,0.189,-0.527,-0.686,-0.248,0.236,0.449,-0.426,-1.822,-2.527,-0.660,-2.431,-2.878,-0.540,-2.141,-2.683,-0.326,-0.326,-0.431
1978,-0.833,0.395,0.878,-0.007,0.195,0.119,-0.213,0.095,0.097,-0.077,0.313,0.382,0.077,0.745,0.805,-0.203,-0.804,-0.995,0.142,1.537,1.973,-0.627,-1.717,-2.002,-0.198,-1.328,-1.295,-0.900,-1.941,-2.174,0.225,1.301,1.862
1979,0.069,-0.251,-0.144,0.466,0.346,0.378,0.095,-0.544,-0.610,0.214,-0.501,-0.506,0.059,0.886,1.350,-0.498,-0.024,-0.025,-0.801,-1.406,-1.714,-0.576,-0.623,-0.696,-0.581,0.410,0.679,-0.805,-1.036,-1.298,-0.480,-0.335,-0.289
1980,-0.869,-1.222,-1.277,0.417,-0.903,-1.412,0.323,0.447,0.598,0.392,0.501,0.571,-0.136,0.819,1.162,0.277,-0.710,-1.017,-0.879,-0.467,-0.422,-0.990,-1.551,-2.062,-0.873,-1.926,-2.357,-1.165,-1.779,-2.217,0.420,-0.330,-0.110
1981,-0.365,-0.494,-0.779,0.505,0.326,0.289,0.524,-0.143,-0.116,0.562,-0.161,-0.234,0.242,0.241,-0.108,-0.953,-2.491,-3.150,-1.104,-1.550,-1.569,-0.621,-0.948,-1.310,-0.477,-0.938,-1.129,-0.457,-1.099,-1.383,-0.174,-1.507,-1.989
1982,-0.526,0.093,0.349,0.060,-0.505,-0.567,-0.623,0.274,0.196,-0.692,0.409,0.473,-0.477,-1.830,-2.017,-0.102,0.193,0.463,-0.367,0.415,0.870,0.266,0.111,-0.183,0.771,1.217,1.433,0.279,0.200,0.040,-0.079,-0.623,-1.087
1983,0.088,1.321,1.647,-0.699,-1.334,-1.675,0.374,-0.392,-0.479,0.223,-0.474,-0.566,-0.243,-1.177,-1.631,0.599,0.565,0.778,0.037,0.878,1.057,0.000,1.160,1.321,-0.262,-0.432,-0.472,0.045,1.152,1.255,-0.196,0.660,1.087
1984,-0.018,-0.132,-0.217,-0.305,-0.497,-0.754,-0.181,-0.599,-0.812,0.052,-0.576,-0.767,-1.723,-1.190,-1.673,-1.135,-2.687,-3.125,-0.499,-1.401,-1.196,-0.666,-0.532,-0.421,-0.676,-1.010,-1.042,-0.676,-0.637,-0.493,-0.493,-0.590,-0.600
1985,-0.339,-0.999,-1.331,-0.950,-1.264,-1.732,0.572,0.002,0.311,0.584,-0.050,0.165,-1.450,-1.195,-1.773,-1.056,-1.631,-1.629,0.010,-0.879,-0.680,-0.991,-0.816,-0.880,-1.235,-0.968,-1.102,-0.898,-0.848,-0.852,0.496,-0.183,-0.234
1986,0.769,0.546,0.976,-0.042,-1.146,-1.739,-0.999,-1.166,-1.215,-1.074,-1.347,-1.466,-0.839,-1.467,-2.131,0.796,3.271,3.905,-1.167,0.125,0.287,-0.361,-0.244,-0.030,-0.833,-1.633,-1.846,-0.623,-0.441,-0.419,-0.323,-0.104,-0.169
1987,-0.076,0.563,0.966,0.853,2.085,2.917,-0.214,-0.161,-0.065,-0.103,0.113,0.377,0.092,-0.012,0.355,0.337,0.400,0.559,-0.491,-1.955,-2.230,-0.612,-0.784,-1.277,-0.804,-0.866,-1.170,-0.609,-0.841,-1.120,-0.047,1.830,2.664
1988,-0.363,-1.052,-1.324,0.178,0.109,0.492,-0.651,-0.145,-0.042,-0.675,-0.027,-0.053,0.098,0.576,1.035,-0.066,0.089,0.033,-0.579,-0.157,-0.212,0.177,-0.613,-0.801,-0.061,-1.351,-1.785,0.231,-0.684,-0.819,-0.403,0.971,1.162
1989,-0.120,-0.074,-0.048,0.422,-0.164,-0.135,0.230,0.147,0.156,0.371,0.490,0.504,-0.170,0.740,1.009,0.743,1.077,1.223,-0.114,-1.678,-2.030,0.896,0.775,1.418,1.378,2.102,2.726,0.879,0.721,0.957,-0.161,0.518,1.079
1990,0.254,0.800,1.008,1.117,2.319,3.136,0.646,-0.329,-0.481,0.781,0.034,-0.068,-0.041,-0.652,-0.882,-0.562,-1.509,-1.882,0.780,0.581,0.394,0.786,0.494,0.929,1.035,1.799,2.291,0.794,0.590,0.715,-0.701,-1.708,-2.334
1991,-0.502,0.097,-0.049,-0.436,-0.897,-1.183,0.024,0.221,0.136,0.068,0.449,0.478,0.604,0.516,0.510,0.361,-0.204,-0.263,0.280,1.688,2.077,-0.193,0.506,0.880,-0.577,0.096,0.225,-0.275,0.227,0.319,0.069,2.019,2.694
1992,-0.099,-0.359,-0.836,-0.920,-0.800,-1.131,-0.743,-0.791,-1.042,-0.664,-0.829,-1.004,-0.077,0.178,0.277,-0.887,-2.667,-3.223,-0.410,-1.180,-1.609,0.073,0.156,-0.149,-0.699,-2.080,-2.702,0.055,0.068,-0.125,-0.066,0.563,0.436
1993,0.040,-0.110,-0.154,-0.720,-0.375,-0.491,-0.674,-0.617,-1.020,-0.501,-0.615,-0.848,-0.117,-1.146,-1.286,-0.656,-0.707,-0.768,0.902,0.460,0.269,-0.247,-0.433,-0.389,0.022,-0.103,0.066,-0.187,-0.338,-0.236,0.879,0.453,0.357
1994,0.170,-0.407,-0.260,-0.177,0.857,1.093,0.891,1.238,1.475,0.958,1.144,1.218,0.978,1.500,2.375,-0.475,0.004,-0.003,-0.038,-1.011,-1.484,0.973,1.353,1.703,1.168,2.418,3.159,0.969,1.327,1.543,0.151,0.445,0.639
1995,-0.165,-0.207,-0.352,-0.789,0.817,1.103,0.369,0.171,0.511,0.356,-0.147,0.039,0.604,0.300,0.551,-1.114,-0.648,-0.335,0.952,2.432,3.053,0.254,0.493,0.336,0.915,1.625,1.801,0.467,0.781,0.867,-0.631,-1.563,-2.175
1996,-0.506,-0.099,-0.103,0.241,-0.006,-0.197,0.044,0.965,1.247,0.006,0.905,1.036,-0.514,-0.365,-0.830,0.394,0.239,0.111,1.613,1.528,1.757,-0.430,-0.396,-0.417,0.085,0.712,0.956,-0.547,-0.239,-0.201,0.075,0.539,0.669
1997,0.126,-0.156,-0.420,0.322,0.651,0.985,-0.238,1.413,1.594,-0.342,1.303,1.560,0.910,0.315,0.162,-0.428,-1.801,-2.120,-0.178,-0.576,-0.873,0.746,0.024,-0.561,1.132,1.019,0.906,0.702,0.289,0.134,-0.146,0.950,1.347
1998,0.293,-0.248,-0.072,-0.228,-0.997,-1.131,0.417,0.354,0.397,0.481,0.413,0.571,-0.575,-0.508,-0.467,-0.129,1.172,0.841,0.071,-0.883,-1.059,0.042,-0.074,0.135,0.293,1.060,1.268,0.031,0.027,0.161,1.045,1.027,1.406
1999,0.510,0.523,0.785,0.342,0.266,0.361,-0.168,-0.924,-1.065,-0.199,-1.003,-1.150,1.164,0.829,1.233,0.324,0.504,0.530,-0.305,0.373,0.565,0.487,0.217,0.205,0.042,-1.025,-1.338,0.426,0.227,0.168,0.054,-0.670,-0.754
2000,0.679,0.029,-0.005,-0.247,0.603,0.837,-0.006,0.036,-0.085,-0.148,0.010,-0.144,-0.158,-0.160,-0.304,0.291,1.147,1.419,0.632,0.793,1.067,0.376,-0.143,-0.284,0.132,-0.797,-1.088,0.513,-0.153,-0.082,-0.576,-1.275,-1.755
2001,0.724,0.908,0.989,-0.286,-0.177,-0.332,0.307,1.495,1.713,0.069,1.193,1.364,0.226,-1.025,-1.866,0.454,2.584,3.142,-0.321,-0.929,-1.317,0.181,0.261,0.206,0.174,-0.034,-0.076,0.209,0.324,0.466,0.439,-1.188,-1.939
2002,0.853,0.845,0.798,0.530,0.040,-0.214,0.595,1.446,1.880,0.414,1.368,1.869,0.959,1.785,2.420,0.965,0.136,0.163,0.635,1.808,2.140,0.746,-0.114,-0.442,0.426,-1.144,-1.703,0.686,-0.110,-0.264,0.142,-0.217,-0.321
2003,0.846,0.606,0.853,0.593,0.961,1.148,-0.559,-1.275,-1.767,-0.719,-1.458,-1.966,-0.162,1.280,1.247,-0.122,-0.766,-0.908,1.448,2.963,3.256,0.975,3.307,4.079,1.137,3.837,4.378,1.097,3.550,4.167,-0.008,-0.857,-1.116
2004,-0.357,0.258,0.111,-0.032,0.568,0.929,0.843,0.919,1.204,0.785,0.806,0.886,0.251,-0.184,-0.362,1.049,2.377,2.961,-0.448,-2.239,-3.192,-0.027,0.118,-0.065,-0.323,-0.060,-0.319,0.183,0.540,0.606,0.596,1.418,1.565
2005,1.465,0.560,0.393,0.761,0.580,0.852,0.742,-0.290,-0.388,0.692,-0.332,-0.456,-0.304,-0.461,-0.275,2.114,3.990,4.609,0.138,-0.414,-0.991,0.119,0.709,1.134,-0.111,-0.069,0.031,0.249,0.890,1.138,0.858,-0.219,-0.237
2006,0.041,0.102,-0.405,0.657,2.315,2.844,0.310,1.301,1.508,0.154,1.062,1.127,0.866,2.081,2.184,0.725,1.569,1.809,1.142,1.103,1.143,0.918,1.301,1.678,0.727,1.633,2.002,0.860,1.351,1.547,0.076,-0.791,-1.580
2007,0.977,0.219,0.443,0.376,0.073,0.508,0.768,0.927,1.112,0.525,0.625,0.774,1.327,-0.108,-0.460,0.827,0.232,0.140,0.138,-0.438,-0.292,0.502,-0.571,-1.051,0.612,-0.669,-0.919,0.449,-0.664,-0.986,0.930,0.013,0.075
2008,0.706,0.957,0.832,0.521,2.151,3.143,0.732,0.651,0.478,0.731,0.662,0.620,0.235,0.541,0.564,-0.546,0.695,0.411,0.405,1.525,1.554,0.045,-0.402,-0.818,-0.070,-0.414,-0.774,-0.012,-0.288,-0.421,0.693,0.445,0.745
2009,1.814,2.107,2.731,0.423,1.267,1.406,1.772,1.290,1.293,1.785,0.997,0.845,-0.008,-0.427,-1.046,1.417,1.563,1.365,-0.204,-0.703,-1.089,0.451,0.699,0.885,0.403,0.401,0.302,0.494,0.901,1.158,0.312,0.657,0.908
2010,0.717,0.952,1.208,0.867,-0.184,-0.381,2.074,2.276,3.006,2.164,2.515,3.320,0.776,0.230,0.188,1.281,2.386,2.860,0.625,1.129,0.926,-0.709,0.293,0.172,-0.532,-0.157,-0.379,-0.664,0.570,0.545,-0.078,0.223,-0.036
2011,0.694,0.170,-0.108,0.333,0.647,0.764,1.077,1.603,1.938,0.945,1.344,1.526,1.458,2.463,3.319,2.024,1.580,1.460,0.260,1.519,1.483,1.084,-0.608,-0.838,1.076,-0.146,-0.075,1.279,-0.290,-0.329,0.622,1.348,1.989
2012,0.614,0.543,0.306,-0.116,0.238,-0.296,0.473,0.431,0.332,0.415,0.040,-0.158,0.287,0.694,0.628,0.117,-0.360,-0.554,-0.349,-0.271,-0.602,0.229,0.330,0.245,0.186,0.869,0.925,0.338,0.492,0.597,0.298,0.735,0.845
2013,1.712,2.713,3.655,0.431,2.072,2.519,0.734,-0.179,-0.825,0.617,-0.311,-0.953,1.287,1.680,2.005,-0.610,-0.211,-0.295,-0.007,-0.310,-0.462,0.054,0.661,0.615,0.033,0.305,0.296,-0.105,0.706,0.863,0.437,-0.827,-1.385
2014,0.860,0.930,0.681,1.033,1.699,1.687,1.574,1.453,1.505,1.701,1.521,1.714,1.828,0.948,1.038,0.441,3.280,3.836,0.196,0.221,0.039,1.018,-0.511,-1.174,0.345,-1.603,-2.433,1.179,-0.065,-0.250,1.182,1.488,1.517
2015,1.205,1.498,1.538,1.308,2.388,3.284,0.458,0.204,0.390,0.392,-0.190,-0.154,0.822,0.840,0.901,1.009,2.306,2.605,0.594,1.305,1.050,0.995,1.661,2.119,1.424,2.625,3.211,1.141,1.958,2.379,1.174,2.959,3.860
2016,0.445,0.730,0.696,1.258,1.509,2.089,1.146,0.876,0.971,1.008,0.745,0.805,0.591,0.877,0.891,0.761,0.854,1.069,0.162,-0.064,0.025,0.378,0.581,0.503,0.368,0.777,0.785,0.693,0.852,0.871,0.799,1.625,1.894
2017,1.253,0.694,0.680,0.759,0.479,0.201,-0.140,0.243,0.087,0.023,0.478,0.641,0.654,0.571,0.196,-0.262,-0.161,-0.416,1.390,1.036,1.264,0.739,1.540,1.698,0.650,1.512,1.651,1.029,1.905,2.059,0.339,-0.111,-0.177
2018,0.721,0.325,-0.045,0.401,-0.532,-1.188,1.371,1.625,1.917,1.478,1.587,1.749,0.875,0.634,0.839,0.294,1.776,2.036,0.730,0.343,0.203,1.531,1.927,2.058,1.031,1.293,1.223,1.663,2.401,2.512,1.026,2.827,3.764
2019,0.864,0.974,0.833,1.247,0.378,0.021,0.966,1.561,1.736,0.798,1.230,1.398,-0.178,-0.366,-0.988,0.259,1.253,1.434,-1.025,-1.782,-2.219,1.242,2.184,2.876,0.764,1.433,1.200,1.375,2.417,2.956,0.886,0.456,0.307
2020,0.443,1.204,1.089,1.388,1.929,2.541,1.097,1.321,1.665,1.040,1.067,1.284,0.853,0.981,0.452,0.325,0.396,0.252,0.242,-0.623,-0.811,1.482,0.814,0.935,1.089,0.617,0.432,1.830,1.509,1.660,0.449,0.041,-0.394
2021,0.643,0.694,0.509,0.427,0.458,0.549,0.192,0.570,0.116,0.286,0.643,0.309,1.522,2.942,3.519,0.379,-0.306,-0.872,0.865,1.093,1.496,0.435,0.373,0.062,0.473,0.931,0.919,0.466,0.528,0.324,0.911,1.392,1.942
2022,1.218,0.980,0.873,0.938,0.864,1.372,1.516,1.455,1.663,1.188,0.865,0.798,1.191,1.549,1.435,0.689,1.697,2.047,0.557,-0.477,-0.689,2.016,2.910,3.798,1.745,2.836,3.368,2.228,3.260,3.885,1.352,1.912,2.460
2023,1.143,1.967,2.368,1.300,0.809,1.013,1.017,1.461,1.674,0.931,1.253,1.349,1.407,2.891,3.650,0.628,1.534,1.889,0.752,1.336,1.265,1.851,1.966,2.179,,,,1.946,2.120,2.209,1.568,0.796,0.751
2024,0.548,1.415,2.064,0.906,3.229,3.880,0.156,0.400,0.310,0.047,0.319,0.205,0.932,2.031,2.589,1.815,3.822,4.720,0.750,1.215,1.473,1.431,1.208,1.226,,,,1.435,1.280,1.239,0.714,0.557,0.299
2025,1.220,0.997,0.789,-0.075,1.476,1.506,1.306,0.384,0.423,1.194,0.099,0.197,0.586,1.146,0.709,0.615,1.351,1.281,1.759,2.561,2.913,,,,,,,1.670,2.701,3.048,1.747,3.313,3.704
2026,0.410,1.286,1.785,1.413,1.996,2.494,1.407,1.983,2.027,1.375,1.678,1.621,0.506,0.637,0.595,1.137,2.280,2.417,-0.223,-1.309,-1.440,,,,,,,,,,1.114,1.407,1.542
2027,1.234,1.200,1.291,0.938,0.472,0.785,1.165,0.514,0.370,1.070,0.300,0.058,0.560,0.121,-0.102,0.901,1.980,2.064,0.649,0.021,-0.607,,,,,,,,,,0.521,0.414,0.276
2028,1.278,1.763,2.338,-0.086,-0.802,-1.177,0.349,0.679,0.759,0.200,0.250,0.129,0.718,0.545,0.690,1.245,4.035,4.894,1.304,2.294,2.692,,,,,,,,,,1.282,1.598,1.668
2029,1.471,2.324,2.783,0.242,0.619,0.663,1.452,2.329,2.690,1.392,2.161,2.509,0.726,0.228,-0.238,0.138,0.608,1.127,0.085,0.240,0.031,,,,,,,,,,0.386,0.998,0.579
2030,1.130,0.362,0.018,1.456,2.791,4.101,1.286,1.811,1.897,1.231,1.883,2.067,0.330,-1.182,-1.496,1.078,2.489,3.049,0.992,0.661,0.691,,,,,,,,,,0.649,-0.109,-0.357
2031,1.680,1.667,1.930,0.886,2.280,2.845,0.648,0.966,0.992,0.579,0.280,0.013,0.217,1.585,1.533,0.911,2.200,2.570,-0.065,0.716,0.505,,,,,,,,,,1.205,1.276,1.310
2032,1.260,1.588,1.505,0.721,2.641,3.349,1.491,1.919,2.052,1.421,1.577,1.533,-0.121,0.961,0.484,1.578,2.567,2.662,0.289,0.776,0.689,,,,,,,,,,0.887,0.080,-0.211
2033,1.313,1.527,1.855,0.392,0.079,-0.346,1.351,2.303,2.960,1.129,1.977,2.439,1.334,0.114,0.200,0.358,-0.118,-0.939,-0.186,-0.204,-0.599,,,,,,,,,,1.180,0.953,0.993
2034,0.397,0.849,0.001,1.544,2.265,2.680,1.855,1.893,2.292,1.739,1.655,1.747,1.745,0.716,0.734,1.056,0.934,0.821,0.320,0.365,0.436,,,,,,,,,,0.881,0.030,-0.427
2035,0.958,0.831,0.726,0.730,0.546,0.656,1.936,1.801,2.003,2.029,1.932,2.079,0.845,0.935,1.122,1.616,3.354,3.990,1.061,1.574,1.853,,,,,,,,,,0.882,0.965,1.082
2036,1.114,1.633,1.626,0.710,0.968,1.024,0.822,1.809,2.124,0.656,1.514,1.611,1.739,1.477,0.748,1.674,3.876,4.371,1.686,2.655,2.982,,,,,,,,,,1.100,2.174,2.591
2037,1.909,3.185,3.601,1.117,0.883,1.073,1.379,1.330,1.355,1.126,1.142,1.030,3.143,4.063,4.982,0.690,-0.214,-0.388,0.995,0.984,0.935,,,,,,,,,,0.057,0.425,0.032
2038,1.019,0.710,0.488,0.345,0.470,0.538,1.264,1.075,1.112,1.010,0.875,0.697,2.410,1.994,2.932,1.169,2.024,2.293,-0.018,1.014,1.109,,,,,,,,,,2.477,3.970,4.974
2039,0.784,0.346,-0.156,0.512,0.683,0.660,1.994,2.267,2.841,1.775,1.770,1.997,1.127,1.641,1.998,1.551,3.402,3.606,-0.329,-0.701,-0.986,,,,,,,,,,2.508,2.402,3.010
2040,0.894,0.152,-0.470,0.688,1.202,1.459,1.218,1.971,1.882,1.046,1.620,1.318,1.373,2.166,2.381,1.531,1.203,1.410,0.388,-0.369,-0.782,,,,,,,,,,0.566,0.832,0.702
2041,1.880,1.907,2.322,1.001,2.879,4.219,1.454,1.912,2.028,1.043,0.912,0.611,0.138,-1.306,-2.440,2.189,4.348,4.814,1.215,0.785,0.742,,,,,,,,,,1.209,1.249,1.313
2042,0.426,1.333,1.193,0.974,1.298,1.489,0.688,0.852,0.836,0.387,0.676,0.513,0.565,2.196,2.550,1.631,1.963,1.947,0.860,0.157,-0.204,,,,,,,,,,1.772,2.318,2.952
2043,1.794,1.616,1.784,1.625,1.516,1.895,1.451,1.633,1.630,1.284,1.471,1.631,0.029,0.825,0.760,2.090,2.948,3.287,0.834,1.818,1.490,,,,,,,,,,1.034,0.964,1.046
2044,2.130,1.467,1.525,0.601,1.821,2.066,1.540,1.962,2.486,1.575,1.805,2.171,1.444,1.802,2.130,1.082,0.990,0.455,1.315,3.032,3.517,,,,,,,,,,0.544,2.945,3.855
2045,1.240,1.043,0.836,0.983,1.183,1.269,1.388,2.046,1.959,1.262,1.692,1.385,0.483,1.031,0.609,2.666,4.148,4.488,1.152,1.442,1.430,,,,,,,,,,1.208,1.079,1.382
2046,0.243,1.226,1.084,0.599,2.164,2.547,1.880,3.455,4.528,1.590,2.723,3.521,1.680,1.495,1.703,3.262,4.802,5.260,0.821,0.842,0.594,,,,,,,,,,0.910,1.962,2.268
2047,1.830,0.976,1.183,1.357,2.095,2.671,2.044,2.615,2.965,1.932,2.052,1.925,2.200,2.729,3.131,1.352,2.422,2.424,2.114,2.146,2.033,,,,,,,,,,1.757,2.870,3.477
2048,0.869,0.867,0.778,0.770,0.834,1.066,1.700,2.230,2.852,1.560,1.278,1.532,0.841,0.588,0.402,3.007,4.023,4.136,-0.135,-0.631,-1.032,,,,,,,,,,2.243,2.592,3.099
2049,1.449,1.559,1.478,1.783,2.841,3.857,2.182,2.697,3.362,1.954,2.496,2.916,1.763,1.891,1.582,2.244,3.576,3.816,1.377,1.367,1.285,,,,,,,,,,1.067,1.753,1.607
2050,2.384,2.313,2.193,1.924,3.796,4.674,1.849,2.464,2.705,1.733,2.332,2.335,0.428,2.616,2.773,1.672,2.163,2.373,1.694,5.088,5.771,,,,,,,,,,1.715,2.164,2.835
2051,0.884,0.241,-0.079,1.559,1.484,1.486,1.457,1.911,1.903,1.120,1.270,0.991,2.804,3.768,4.452,1.802,2.349,2.013,1.286,2.377,2.512,,,,,,,,,,1.869,3.288,4.100
2052,1.864,0.600,0.355,2.228,2.887,3.734,1.757,2.760,3.227,1.391,2.120,2.164,1.513,2.273,2.668,1.774,3.102,2.850,2.771,2.860,3.123,,,,,,,,,,1.411,1.505,1.692
2053,1.769,2.038,2.044,2.167,3.172,3.780,1.112,2.681,3.065,0.955,2.428,2.518,2.025,1.844,1.115,2.048,2.127,1.593,1.810,0.546,0.406,,,,,,,,,,2.484,3.763,4.731
2054,0.725,2.057,2.100,2.007,3.070,3.456,1.175,1.901,1.486,1.015,1.574,1.017,1.569,1.468,1.794,2.078,3.599,3.839,0.590,0.262,-0.097,,,,,,,,,,0.747,0.026,-0.196
2055,1.716,1.268,0.958,1.513,1.538,1.659,2.550,1.510,1.433,2.176,1.367,1.282,2.476,3.407,3.764,2.132,2.246,2.353,1.874,2.085,1.934,,,,,,,,,,2.262,3.626,4.595
2056,1.585,1.755,2.164,0.876,1.635,2.177,1.338,1.063,0.617,1.169,0.521,-0.066,1.419,0.942,0.960,3.011,5.304,5.731,2.073,5.034,5.338,,,,,,,,,,1.705,3.067,3.830
2057,1.110,0.360,-0.042,1.440,1.682,2.295,2.579,2.800,3.004,2.040,2.229,2.126,2.704,2.964,3.163,2.284,3.584,3.696,0.454,1.556,1.420,,,,,,,,,,1.075,1.481,1.559
2058,1.116,2.101,2.051,1.626,2.062,2.046,2.397,2.819,2.957,2.253,2.539,2.596,2.078,2.747,3.100,1.683,2.614,2.361,2.228,2.533,2.528,,,,,,,,,,1.641,2.437,2.731
2059,2.201,2.595,3.311,2.346,2.989,3.252,1.441,1.983,2.562,1.185,1.406,1.631,2.116,2.411,1.882,0.626,-0.608,-1.395,0.959,2.699,2.974,,,,,,,,,,2.243,2.245,2.555
2060,1.315,1.847,1.773,0.670,0.728,1.003,2.503,4.201,4.815,1.987,3.401,3.447,1.705,2.207,2.283,3.919,5.361,5.885,1.597,1.629,1.512,,,,,,,,,,2.574,2.986,3.277
2061,1.881,2.382,2.454,2.286,3.100,3.899,2.549,2.289,2.563,2.299,1.725,1.740,2.735,3.481,4.021,2.627,3.179,3.161,1.308,3.544,3.820,,,,,,,,,,1.526,1.693,1.863
2062,1.331,2.236,2.546,2.179,3.381,4.460,1.510,2.657,3.352,1.145,1.739,2.189,2.163,3.508,4.116,2.402,4.088,4.573,1.382,2.241,2.638,,,,,,,,,,1.237,1.740,1.960
2063,1.839,1.769,1.919,2.805,4.463,5.359,2.383,2.773,2.804,2.106,2.618,2.557,2.471,3.282,3.777,2.586,4.048,4.331,1.943,2.595,3.011,,,,,,,,,,1.842,2.473,2.864
2064,2.616,2.771,2.915,1.924,0.837,0.483,2.732,2.760,3.159,2.537,2.353,2.545,2.602,3.022,3.070,3.437,7.178,8.183,2.826,5.657,6.283,,,,,,,,,,1.320,2.071,2.181
2065,1.013,2.335,2.405,1.591,1.857,2.410,2.790,2.589,3.415,2.230,1.515,1.800,2.789,4.094,4.717,3.168,6.195,6.910,3.032,3.653,3.920,,,,,,,,,,2.836,3.558,4.246
2066,3.249,3.557,3.852,1.759,2.170,2.710,1.829,3.052,3.471,1.606,2.541,2.687,1.949,2.185,1.962,2.372,3.276,3.568,1.455,2.977,3.388,,,,,,,,,,2.903,2.784,3.068
2067,1.566,2.868,2.842,1.934,2.606,3.104,2.842,5.412,6.442,2.601,5.167,6.226,3.400,3.742,4.159,2.726,3.491,3.537,1.758,3.170,3.604,,,,,,,,,,1.539,1.716,1.449
2068,1.975,2.342,2.503,1.829,1.735,1.853,2.134,2.748,3.071,1.822,1.912,1.800,3.672,4.688,5.881,2.106,1.002,0.605,1.519,1.549,1.252,,,,,,,,,,2.105,1.964,2.267
2069,2.647,2.717,2.415,1.962,2.016,2.314,2.823,3.066,3.306,2.629,2.827,2.996,1.754,1.416,1.509,3.264,4.467,4.621,1.972,1.632,1.481,,,,,,,,,,2.482,4.316,5.127
2070,1.215,2.220,2.317,1.908,2.563,2.872,3.193,2.603,2.703,2.813,2.012,1.682,3.717,4.970,6.249,3.918,6.703,7.400,2.820,4.539,4.934,,,,,,,,,,1.357,1.332,1.139
2071,1.222,1.402,1.339,1.047,1.198,1.062,2.609,3.102,3.386,2.332,2.632,2.531,3.092,3.987,4.627,3.166,7.100,8.005,2.551,2.492,2.415,,,,,,,,,,2.223,3.270,3.999
2072,2.369,2.162,2.314,1.902,1.902,2.010,2.482,3.571,4.247,1.535,2.420,2.525,2.553,3.842,3.806,3.609,6.646,7.200,2.408,3.634,4.091,,,,,,,,,,1.056,0.605,0.332
2073,2.878,2.902,3.139,2.888,5.294,6.234,2.240,3.966,4.338,1.766,3.440,3.964,2.856,3.568,3.709,2.917,4.790,5.339,2.917,3.132,3.221,,,,,,,,,,2.450,2.778,3.320
2074,2.692,2.337,2.164,2.341,3.696,4.207,2.912,3.025,3.284,2.523,2.254,2.193,2.398,1.771,1.400,3.411,5.802,6.269,2.849,3.631,4.304,,,,,,,,,,1.744,2.752,2.949
2075,2.526,2.216,2.199,2.574,5.159,6.422,2.975,2.901,3.290,2.766,2.665,2.825,2.667,4.244,4.869,4.211,7.618,8.251,3.451,4.093,4.171,,,,,,,,,,1.753,3.600,4.541
2076,2.369,2.200,2.003,1.954,1.783,1.865,2.473,2.441,2.805,2.233,2.214,2.351,3.441,4.219,3.858,3.897,4.772,4.953,2.955,4.317,4.642,,,,,,,,,,1.335,2.238,2.631
2077,2.146,2.088,1.714,1.502,2.207,2.446,3.045,4.815,5.433,2.755,4.268,4.623,4.993,5.765,6.842,3.132,5.498,5.984,1.065,0.985,0.968,,,,,,,,,,1.118,1.763,1.768
2078,2.865,4.061,4.725,1.439,1.526,1.478,3.319,3.444,3.912,3.158,2.970,3.235,3.717,4.276,4.514,3.292,4.493,4.737,1.570,2.137,2.363,,,,,,,,,,1.637,0.838,0.756
2079,2.117,3.373,3.327,2.598,2.152,2.413,2.336,4.304,4.589,2.076,3.622,3.521,3.384,2.920,3.187,1.944,2.743,2.464,1.737,2.551,2.585,,,,,,,,,,2.996,2.499,2.592
2080,3.553,3.404,3.326,1.830,3.352,3.952,2.993,4.388,4.890,2.605,3.990,4.424,3.608,4.941,5.145,3.950,4.330,4.286,1.579,2.844,2.681,,,,,,,,,,2.577,2.085,1.634
2081,3.158,4.033,4.424,1.394,2.221,2.430,3.079,3.682,4.233,2.864,3.042,3.339,3.181,4.465,5.477,3.606,3.589,3.677,0.627,1.260,1.318,,,,,,,,,,1.096,1.081,0.919
2082,2.712,3.708,3.810,2.453,2.840,3.371,2.248,2.863,2.877,1.853,2.566,2.487,3.247,3.827,4.288,3.940,6.288,6.964,3.424,5.505,5.990,,,,,,,,,,1.612,1.133,1.200
2083,2.903,2.860,2.681,2.349,3.498,3.835,1.865,1.462,0.994,1.553,0.955,0.195,2.888,4.152,4.906,4.372,8.307,9.121,3.587,4.547,4.625,,,,,,,,,,3.088,5.744,6.745
2084,3.540,3.026,3.100,2.267,1.113,0.654,2.514,3.722,4.328,2.447,3.286,3.696,2.886,3.647,3.565,3.398,3.562,3.493,2.917,4.029,4.329,,,,,,,,,,2.611,2.338,2.503
2085,2.859,3.163,3.226,4.103,4.951,5.711,2.604,3.873,4.134,2.378,3.671,3.680,4.805,7.555,9.340,5.235,7.834,8.473,3.019,5.376,5.374,,,,,,,,,,3.190,4.808,5.847
2086,2.863,3.102,2.891,2.995,3.051,3.324,2.178,4.689,5.461,1.796,3.818,4.191,4.635,6.021,7.737,3.264,2.372,2.011,2.932,3.758,3.809,,,,,,,,,,2.758,3.573,4.171
2087,3.135,2.643,2.769,2.568,3.240,3.736,3.498,4.164,4.811,3.143,3.643,3.908,2.759,4.653,4.974,3.794,5.624,6.095,3.430,4.157,4.726,,,,,,,,,,2.474,3.213,3.668
2088,3.256,3.365,3.435,2.215,2.998,3.339,3.553,4.565,5.053,3.407,4.034,4.474,3.193,5.375,6.311,3.578,5.517,5.569,1.771,1.529,1.371,,,,,,,,,,2.457,2.863,3.018
2089,2.725,2.750,2.458,3.324,4.435,5.023,3.962,5.197,5.824,3.577,4.393,4.677,4.641,6.678,7.894,5.763,7.922,8.506,2.770,2.949,2.475,,,,,,,,,,2.566,4.192,4.636
2090,3.251,3.639,3.952,2.603,1.821,1.979,3.586,4.972,5.468,3.014,4.026,4.177,3.353,3.664,3.884,3.749,4.194,4.306,3.612,6.391,6.901,,,,,,,,,,1.307,-0.136,-1.117
2091,3.366,3.211,2.915,2.316,1.925,1.698,1.969,3.808,3.900,1.764,2.987,2.934,3.538,4.665,5.445,3.885,4.217,3.800,1.779,1.284,0.749,,,,,,,,,,2.251,1.886,2.079
2092,3.507,2.682,2.361,1.811,2.145,2.301,3.503,3.996,4.222,3.180,3.606,3.618,4.972,6.406,6.762,3.565,3.737,3.839,2.780,4.152,4.560,,,,,,,,,,2.816,1.992,2.215
2093,3.334,4.995,4.960,3.179,4.436,5.644,3.626,4.301,5.374,3.257,3.650,4.422,4.923,6.373,7.165,5.312,8.011,8.705,3.762,5.965,6.397,,,,,,,,,,2.187,3.238,3.999
2094,2.897,3.099,3.127,2.985,4.920,5.647,2.104,3.641,4.053,1.764,2.594,2.585,4.648,5.021,5.300,5.028,7.479,8.032,2.493,3.812,3.981,,,,,,,,,,2.644,4.253,5.099
2095,3.177,4.223,4.184,3.082,3.470,3.759,2.837,4.500,5.174,2.336,3.595,3.935,4.832,7.944,9.732,6.267,9.763,10.645,1.635,1.842,1.407,,,,,,,,,,2.446,3.009,3.875
2096,3.746,4.829,5.049,2.708,3.148,3.600,3.219,4.410,4.858,2.677,3.689,3.961,3.897,5.407,5.889,4.922,9.472,10.234,3.785,6.205,6.817,,,,,,,,,,1.146,3.005,3.608
2097,3.405,4.096,4.059,2.357,3.049,3.569,3.798,3.783,4.388,3.441,2.698,2.732,5.353,7.582,8.904,4.205,6.847,7.215,3.824,6.446,7.128,,,,,,,,,,1.804,1.422,1.402
2098,3.751,3.589,3.696,3.151,3.845,4.248,3.741,4.502,4.763,3.419,4.093,4.333,4.920,5.112,5.993,4.902,7.753,8.277,2.383,3.084,2.859,,,,,,,,,,1.526,3.076,3.165
2099,3.177,4.944,4.930,3.125,3.554,3.654,2.809,4.241,4.747,2.428,3.220,3.404,5.210,8.665,10.164,4.439,6.799,7.149,2.945,4.170,4.409,,,,,,,,,,2.689,3.177,3.770
2100,3.268,3.542,3.221,3.571,5.039,6.216,4.010,4.083,4.110,,,,,,,4.221,4.328,4.317,2.954,4.385,4.346,,,,,,,,,,1.956,1.307,1.231
