source,indicateur,annee,valeur
era5land,tx35,1970,0.008
era5land,tx35,1971,0.009
era5land,tx35,1972,0.000
era5land,tx35,1973,0.032
era5land,tx35,1974,0.109
era5land,tx35,1975,0.299
era5land,tx35,1976,0.083
era5land,tx35,1977,0.000
era5land,tx35,1978,0.003
era5land,tx35,1979,0.017
era5land,tx35,1980,0.004
era5land,tx35,1981,0.052
era5land,tx35,1982,0.259
era5land,tx35,1983,0.774
era5land,tx35,1984,0.102
era5land,tx35,1985,0.131
era5land,tx35,1986,0.049
era5land,tx35,1987,0.483
era5land,tx35,1988,0.007
era5land,tx35,1989,0.280
era5land,tx35,1990,0.820
era5land,tx35,1991,0.318
era5land,tx35,1992,0.091
era5land,tx35,1993,0.106
era5land,tx35,1994,0.217
era5land,tx35,1995,0.250
era5land,tx35,1996,0.048
era5land,tx35,1997,0.005
era5land,tx35,1998,1.094
era5land,tx35,1999,0.044
era5land,tx35,2000,0.083
era5land,tx35,2001,0.248
era5land,tx35,2002,0.042
era5land,tx35,2003,6.477
era5land,tx35,2004,0.189
era5land,tx35,2005,0.252
era5land,tx35,2006,0.666
era5land,tx35,2007,0.146
era5land,tx35,2008,0.050
era5land,tx35,2009,0.465
era5land,tx35,2010,0.309
era5land,tx35,2011,0.689
era5land,tx35,2012,1.189
era5land,tx35,2013,0.162
era5land,tx35,2014,0.062
era5land,tx35,2015,1.806
era5land,tx35,2016,0.550
era5land,tx35,2017,0.713
era5land,tx35,2018,0.634
era5land,tx35,2019,3.376
era5land,tx35,2020,2.181
era5land,tx35,2021,0.223
era5land,tx35,2022,3.951
era5land,tx35,2023,1.648
era5land,tx35,2024,0.800
era5land,tx35,2025,3.224
era5land,txx,1970,29.139
era5land,txx,1971,30.077
era5land,txx,1972,28.078
era5land,txx,1973,30.132
era5land,txx,1974,31.093
era5land,txx,1975,32.047
era5land,txx,1976,31.663
era5land,txx,1977,27.037
era5land,txx,1978,28.350
era5land,txx,1979,28.911
era5land,txx,1980,29.439
era5land,txx,1981,29.930
era5land,txx,1982,31.797
era5land,txx,1983,33.781
era5land,txx,1984,31.311
era5land,txx,1985,31.277
era5land,txx,1986,31.869
era5land,txx,1987,31.675
era5land,txx,1988,29.667
era5land,txx,1989,32.362
era5land,txx,1990,33.167
era5land,txx,1991,31.434
era5land,txx,1992,31.988
era5land,txx,1993,30.735
era5land,txx,1994,32.259
era5land,txx,1995,32.750
era5land,txx,1996,30.233
era5land,txx,1997,30.406
era5land,txx,1998,33.636
era5land,txx,1999,31.017
era5land,txx,2000,31.048
era5land,txx,2001,32.034
era5land,txx,2002,30.933
era5land,txx,2003,36.108
era5land,txx,2004,31.941
era5land,txx,2005,32.386
era5land,txx,2006,33.256
era5land,txx,2007,30.433
era5land,txx,2008,30.361
era5land,txx,2009,32.704
era5land,txx,2010,32.320
era5land,txx,2011,33.367
era5land,txx,2012,34.116
era5land,txx,2013,32.416
era5land,txx,2014,31.350
era5land,txx,2015,34.753
era5land,txx,2016,33.154
era5land,txx,2017,33.205
era5land,txx,2018,33.059
era5land,txx,2019,36.888
era5land,txx,2020,35.308
era5land,txx,2021,31.259
era5land,txx,2022,36.091
era5land,txx,2023,34.526
era5land,txx,2024,33.530
era5land,txx,2025,35.278
era5land,tn20,1970,0.628
era5land,tn20,1971,1.376
era5land,tn20,1972,0.227
era5land,tn20,1973,1.761
era5land,tn20,1974,0.668
era5land,tn20,1975,2.560
era5land,tn20,1976,3.823
era5land,tn20,1977,0.056
era5land,tn20,1978,0.283
era5land,tn20,1979,0.633
era5land,tn20,1980,0.305
era5land,tn20,1981,0.558
era5land,tn20,1982,1.710
era5land,tn20,1983,3.481
era5land,tn20,1984,0.257
era5land,tn20,1985,0.762
era5land,tn20,1986,1.080
era5land,tn20,1987,1.754
era5land,tn20,1988,0.755
era5land,tn20,1989,2.236
era5land,tn20,1990,3.603
era5land,tn20,1991,2.115
era5land,tn20,1992,2.516
era5land,tn20,1993,0.730
era5land,tn20,1994,4.559
era5land,tn20,1995,2.896
era5land,tn20,1996,0.662
era5land,tn20,1997,2.009
era5land,tn20,1998,1.922
era5land,tn20,1999,1.135
era5land,tn20,2000,0.924
era5land,tn20,2001,2.105
era5land,tn20,2002,0.869
era5land,tn20,2003,12.496
era5land,tn20,2004,2.607
era5land,tn20,2005,3.323
era5land,tn20,2006,7.142
era5land,tn20,2007,0.689
era5land,tn20,2008,0.978
era5land,tn20,2009,2.634
era5land,tn20,2010,2.645
era5land,tn20,2011,1.996
era5land,tn20,2012,3.341
era5land,tn20,2013,3.061
era5land,tn20,2014,0.973
era5land,tn20,2015,7.000
era5land,tn20,2016,3.376
era5land,tn20,2017,6.391
era5land,tn20,2018,6.913
era5land,tn20,2019,8.839
era5land,tn20,2020,7.894
era5land,tn20,2021,2.595
era5land,tn20,2022,10.287
era5land,tn20,2023,8.340
era5land,tn20,2024,5.632
era5land,tn20,2025,9.058
era5land,gel,1970,67.404
era5land,gel,1971,64.480
era5land,gel,1972,45.995
era5land,gel,1973,79.076
era5land,gel,1974,39.435
era5land,gel,1975,60.733
era5land,gel,1976,61.637
era5land,gel,1977,50.338
era5land,gel,1978,60.643
era5land,gel,1979,68.083
era5land,gel,1980,66.310
era5land,gel,1981,63.651
era5land,gel,1982,46.170
era5land,gel,1983,61.252
era5land,gel,1984,60.909
era5land,gel,1985,78.619
era5land,gel,1986,67.830
era5land,gel,1987,68.962
era5land,gel,1988,43.251
era5land,gel,1989,47.945
era5land,gel,1990,44.980
era5land,gel,1991,65.328
era5land,gel,1992,52.045
era5land,gel,1993,58.619
era5land,gel,1994,36.478
era5land,gel,1995,51.204
era5land,gel,1996,62.372
era5land,gel,1997,47.796
era5land,gel,1998,57.686
era5land,gel,1999,49.248
era5land,gel,2000,40.567
era5land,gel,2001,55.665
era5land,gel,2002,32.649
era5land,gel,2003,60.028
era5land,gel,2004,59.416
era5land,gel,2005,72.727
era5land,gel,2006,61.743
era5land,gel,2007,42.545
era5land,gel,2008,53.044
era5land,gel,2009,56.536
era5land,gel,2010,79.318
era5land,gel,2011,39.086
era5land,gel,2012,51.273
era5land,gel,2013,64.312
era5land,gel,2014,26.472
era5land,gel,2015,44.428
era5land,gel,2016,42.406
era5land,gel,2017,46.891
era5land,gel,2018,42.632
era5land,gel,2019,40.058
era5land,gel,2020,28.101
era5land,gel,2021,47.687
era5land,gel,2022,42.146
era5land,gel,2023,40.091
era5land,gel,2024,30.929
era5land,gel,2025,43.090
cordex010,tx35,1970,0.011
cordex010,tx35,1971,0.083
cordex010,tx35,1972,0.012
cordex010,tx35,1973,0.219
cordex010,tx35,1974,0.003
cordex010,tx35,1975,0.017
cordex010,tx35,1976,0.091
cordex010,tx35,1977,0.091
cordex010,tx35,1978,1.670
cordex010,tx35,1979,0.124
cordex010,tx35,1980,0.173
cordex010,tx35,1981,0.001
cordex010,tx35,1982,0.141
cordex010,tx35,1983,0.271
cordex010,tx35,1984,0.130
cordex010,tx35,1985,0.329
cordex010,tx35,1986,0.060
cordex010,tx35,1987,2.330
cordex010,tx35,1988,1.488
cordex010,tx35,1989,0.205
cordex010,tx35,1990,0.000
cordex010,tx35,1991,1.934
cordex010,tx35,1992,0.132
cordex010,tx35,1993,0.153
cordex010,tx35,1994,0.139
cordex010,tx35,1995,0.027
cordex010,tx35,1996,0.170
cordex010,tx35,1997,0.295
cordex010,tx35,1998,0.486
cordex010,tx35,1999,0.147
cordex010,tx35,2000,0.016
cordex010,tx35,2001,0.001
cordex010,tx35,2002,0.255
cordex010,tx35,2003,0.362
cordex010,tx35,2004,0.110
cordex010,tx35,2005,1.105
cordex010,tx35,2006,0.014
cordex010,tx35,2007,1.045
cordex010,tx35,2008,1.229
cordex010,tx35,2009,0.250
cordex010,tx35,2010,0.117
cordex010,tx35,2011,2.614
cordex010,tx35,2012,0.467
cordex010,tx35,2013,0.000
cordex010,tx35,2014,0.717
cordex010,tx35,2015,2.848
cordex010,tx35,2016,0.923
cordex010,tx35,2017,0.022
cordex010,tx35,2018,1.926
cordex010,tx35,2019,0.460
cordex010,tx35,2020,0.008
cordex010,tx35,2021,2.147
cordex010,tx35,2022,1.042
cordex010,tx35,2023,0.125
cordex010,tx35,2024,0.057
cordex010,tx35,2025,7.134
cordex010,tx35,2026,1.559
cordex010,tx35,2027,0.220
cordex010,tx35,2028,1.845
cordex010,tx35,2029,0.300
cordex010,tx35,2030,0.126
cordex010,tx35,2031,0.735
cordex010,tx35,2032,0.003
cordex010,tx35,2033,0.603
cordex010,tx35,2034,0.113
cordex010,tx35,2035,1.603
cordex010,tx35,2036,2.814
cordex010,tx35,2037,0.128
cordex010,tx35,2038,5.677
cordex010,tx35,2039,3.173
cordex010,tx35,2040,0.279
cordex010,tx35,2041,0.699
cordex010,tx35,2042,1.186
cordex010,tx35,2043,2.118
cordex010,tx35,2044,4.247
cordex010,tx35,2045,1.018
cordex010,tx35,2046,3.285
cordex010,tx35,2047,0.761
cordex010,tx35,2048,1.643
cordex010,tx35,2049,0.073
cordex010,tx35,2050,2.181
cordex010,tx35,2051,3.029
cordex010,tx35,2052,3.531
cordex010,tx35,2053,2.446
cordex010,tx35,2054,0.749
cordex010,tx35,2055,5.890
cordex010,tx35,2056,3.427
cordex010,tx35,2057,0.504
cordex010,tx35,2058,2.104
cordex010,tx35,2059,2.466
cordex010,tx35,2060,1.256
cordex010,tx35,2061,0.814
cordex010,tx35,2062,1.497
cordex010,tx35,2063,2.118
cordex010,tx35,2064,1.184
cordex010,tx35,2065,3.245
cordex010,tx35,2066,2.481
cordex010,tx35,2067,0.636
cordex010,tx35,2068,0.391
cordex010,tx35,2069,7.009
cordex010,tx35,2070,1.155
cordex010,tx35,2071,3.403
cordex010,tx35,2072,0.334
cordex010,tx35,2073,3.417
cordex010,tx35,2074,1.106
cordex010,tx35,2075,5.472
cordex010,tx35,2076,3.187
cordex010,tx35,2077,0.810
cordex010,tx35,2078,0.585
cordex010,tx35,2079,0.893
cordex010,tx35,2080,1.233
cordex010,tx35,2081,0.236
cordex010,tx35,2082,0.948
cordex010,tx35,2083,7.058
cordex010,tx35,2084,2.036
cordex010,tx35,2085,15.070
cordex010,tx35,2086,4.799
cordex010,tx35,2087,6.630
cordex010,tx35,2088,0.635
cordex010,tx35,2089,9.381
cordex010,tx35,2090,0.057
cordex010,tx35,2091,0.513
cordex010,tx35,2092,2.078
cordex010,tx35,2093,3.205
cordex010,tx35,2094,5.865
cordex010,tx35,2095,4.465
cordex010,tx35,2096,3.612
cordex010,tx35,2097,2.485
cordex010,tx35,2098,1.945
cordex010,tx35,2099,2.897
cordex010,tx35,2100,0.172
cordex010,txx,1970,29.910
cordex010,txx,1971,29.709
cordex010,txx,1972,27.885
cordex010,txx,1973,31.194
cordex010,txx,1974,28.669
cordex010,txx,1975,29.517
cordex010,txx,1976,29.953
cordex010,txx,1977,30.804
cordex010,txx,1978,34.542
cordex010,txx,1979,31.540
cordex010,txx,1980,31.990
cordex010,txx,1981,27.933
cordex010,txx,1982,30.338
cordex010,txx,1983,31.914
cordex010,txx,1984,31.316
cordex010,txx,1985,31.582
cordex010,txx,1986,30.916
cordex010,txx,1987,35.177
cordex010,txx,1988,34.650
cordex010,txx,1989,32.312
cordex010,txx,1990,28.130
cordex010,txx,1991,34.684
cordex010,txx,1992,31.921
cordex010,txx,1993,31.274
cordex010,txx,1994,31.808
cordex010,txx,1995,28.915
cordex010,txx,1996,31.567
cordex010,txx,1997,32.372
cordex010,txx,1998,33.067
cordex010,txx,1999,31.681
cordex010,txx,2000,29.004
cordex010,txx,2001,28.162
cordex010,txx,2002,30.919
cordex010,txx,2003,30.816
cordex010,txx,2004,31.363
cordex010,txx,2005,35.773
cordex010,txx,2006,27.949
cordex010,txx,2007,34.256
cordex010,txx,2008,35.746
cordex010,txx,2009,31.957
cordex010,txx,2010,31.699
cordex010,txx,2011,34.833
cordex010,txx,2012,32.735
cordex010,txx,2013,28.348
cordex010,txx,2014,33.548
cordex010,txx,2015,35.231
cordex010,txx,2016,34.309
cordex010,txx,2017,30.197
cordex010,txx,2018,34.870
cordex010,txx,2019,32.639
cordex010,txx,2020,30.934
cordex010,txx,2021,35.487
cordex010,txx,2022,33.527
cordex010,txx,2023,31.564
cordex010,txx,2024,31.303
cordex010,txx,2025,37.060
cordex010,txx,2026,35.603
cordex010,txx,2027,32.168
cordex010,txx,2028,35.035
cordex010,txx,2029,32.335
cordex010,txx,2030,31.206
cordex010,txx,2031,33.587
cordex010,txx,2032,30.168
cordex010,txx,2033,32.504
cordex010,txx,2034,30.429
cordex010,txx,2035,34.510
cordex010,txx,2036,35.495
cordex010,txx,2037,31.081
cordex010,txx,2038,38.752
cordex010,txx,2039,35.575
cordex010,txx,2040,31.848
cordex010,txx,2041,33.323
cordex010,txx,2042,34.059
cordex010,txx,2043,35.952
cordex010,txx,2044,37.078
cordex010,txx,2045,33.587
cordex010,txx,2046,36.886
cordex010,txx,2047,33.764
cordex010,txx,2048,35.585
cordex010,txx,2049,32.026
cordex010,txx,2050,36.262
cordex010,txx,2051,35.945
cordex010,txx,2052,37.479
cordex010,txx,2053,35.592
cordex010,txx,2054,34.148
cordex010,txx,2055,37.960
cordex010,txx,2056,36.298
cordex010,txx,2057,33.317
cordex010,txx,2058,34.755
cordex010,txx,2059,35.958
cordex010,txx,2060,34.399
cordex010,txx,2061,33.862
cordex010,txx,2062,34.456
cordex010,txx,2063,35.513
cordex010,txx,2064,35.340
cordex010,txx,2065,36.654
cordex010,txx,2066,35.742
cordex010,txx,2067,33.208
cordex010,txx,2068,33.283
cordex010,txx,2069,37.894
cordex010,txx,2070,35.088
cordex010,txx,2071,36.378
cordex010,txx,2072,32.853
cordex010,txx,2073,37.085
cordex010,txx,2074,34.222
cordex010,txx,2075,37.182
cordex010,txx,2076,36.016
cordex010,txx,2077,34.005
cordex010,txx,2078,33.513
cordex010,txx,2079,33.347
cordex010,txx,2080,33.960
cordex010,txx,2081,31.576
cordex010,txx,2082,33.198
cordex010,txx,2083,37.508
cordex010,txx,2084,35.077
cordex010,txx,2085,38.799
cordex010,txx,2086,37.755
cordex010,txx,2087,38.621
cordex010,txx,2088,33.654
cordex010,txx,2089,39.739
cordex010,txx,2090,30.134
cordex010,txx,2091,33.220
cordex010,txx,2092,35.212
cordex010,txx,2093,35.922
cordex010,txx,2094,37.193
cordex010,txx,2095,36.722
cordex010,txx,2096,36.182
cordex010,txx,2097,35.492
cordex010,txx,2098,35.111
cordex010,txx,2099,35.812
cordex010,txx,2100,31.207
cordex010,tn20,1970,1.000
cordex010,tn20,1971,0.516
cordex010,tn20,1972,0.742
cordex010,tn20,1973,2.474
cordex010,tn20,1974,0.368
cordex010,tn20,1975,1.165
cordex010,tn20,1976,0.771
cordex010,tn20,1977,1.578
cordex010,tn20,1978,3.628
cordex010,tn20,1979,0.809
cordex010,tn20,1980,1.294
cordex010,tn20,1981,0.413
cordex010,tn20,1982,1.154
cordex010,tn20,1983,2.503
cordex010,tn20,1984,0.627
cordex010,tn20,1985,2.437
cordex010,tn20,1986,0.926
cordex010,tn20,1987,5.859
cordex010,tn20,1988,4.387
cordex010,tn20,1989,2.712
cordex010,tn20,1990,0.290
cordex010,tn20,1991,4.875
cordex010,tn20,1992,1.449
cordex010,tn20,1993,2.249
cordex010,tn20,1994,3.038
cordex010,tn20,1995,0.489
cordex010,tn20,1996,1.515
cordex010,tn20,1997,2.121
cordex010,tn20,1998,4.862
cordex010,tn20,1999,1.476
cordex010,tn20,2000,0.586
cordex010,tn20,2001,1.087
cordex010,tn20,2002,1.964
cordex010,tn20,2003,1.339
cordex010,tn20,2004,3.735
cordex010,tn20,2005,1.746
cordex010,tn20,2006,1.009
cordex010,tn20,2007,2.042
cordex010,tn20,2008,3.626
cordex010,tn20,2009,2.148
cordex010,tn20,2010,1.572
cordex010,tn20,2011,5.004
cordex010,tn20,2012,3.338
cordex010,tn20,2013,0.682
cordex010,tn20,2014,5.814
cordex010,tn20,2015,11.152
cordex010,tn20,2016,4.772
cordex010,tn20,2017,1.806
cordex010,tn20,2018,7.684
cordex010,tn20,2019,3.545
cordex010,tn20,2020,2.391
cordex010,tn20,2021,5.751
cordex010,tn20,2022,6.903
cordex010,tn20,2023,2.232
cordex010,tn20,2024,2.770
cordex010,tn20,2025,18.043
cordex010,tn20,2026,7.916
cordex010,tn20,2027,3.636
cordex010,tn20,2028,8.185
cordex010,tn20,2029,4.019
cordex010,tn20,2030,2.081
cordex010,tn20,2031,5.742
cordex010,tn20,2032,1.379
cordex010,tn20,2033,3.285
cordex010,tn20,2034,1.923
cordex010,tn20,2035,7.406
cordex010,tn20,2036,7.109
cordex010,tn20,2037,1.986
cordex010,tn20,2038,14.430
cordex010,tn20,2039,11.986
cordex010,tn20,2040,3.752
cordex010,tn20,2041,5.248
cordex010,tn20,2042,6.089
cordex010,tn20,2043,4.388
cordex010,tn20,2044,10.158
cordex010,tn20,2045,4.750
cordex010,tn20,2046,10.932
cordex010,tn20,2047,9.221
cordex010,tn20,2048,8.297
cordex010,tn20,2049,9.724
cordex010,tn20,2050,6.639
cordex010,tn20,2051,12.416
cordex010,tn20,2052,7.274
cordex010,tn20,2053,10.636
cordex010,tn20,2054,3.048
cordex010,tn20,2055,15.683
cordex010,tn20,2056,9.715
cordex010,tn20,2057,6.967
cordex010,tn20,2058,11.423
cordex010,tn20,2059,12.149
cordex010,tn20,2060,13.962
cordex010,tn20,2061,5.810
cordex010,tn20,2062,7.761
cordex010,tn20,2063,9.157
cordex010,tn20,2064,8.141
cordex010,tn20,2065,12.306
cordex010,tn20,2066,13.959
cordex010,tn20,2067,6.489
cordex010,tn20,2068,6.450
cordex010,tn20,2069,19.748
cordex010,tn20,2070,6.511
cordex010,tn20,2071,14.229
cordex010,tn20,2072,4.887
cordex010,tn20,2073,10.198
cordex010,tn20,2074,11.505
cordex010,tn20,2075,13.550
cordex010,tn20,2076,10.025
cordex010,tn20,2077,5.303
cordex010,tn20,2078,6.024
cordex010,tn20,2079,9.691
cordex010,tn20,2080,12.880
cordex010,tn20,2081,5.364
cordex010,tn20,2082,8.162
cordex010,tn20,2083,29.583
cordex010,tn20,2084,11.210
cordex010,tn20,2085,27.150
cordex010,tn20,2086,18.400
cordex010,tn20,2087,15.515
cordex010,tn20,2088,15.870
cordex010,tn20,2089,23.006
cordex010,tn20,2090,2.552
cordex010,tn20,2091,6.441
cordex010,tn20,2092,11.655
cordex010,tn20,2093,13.540
cordex010,tn20,2094,18.953
cordex010,tn20,2095,12.807
cordex010,tn20,2096,12.995
cordex010,tn20,2097,6.573
cordex010,tn20,2098,14.555
cordex010,tn20,2099,12.875
cordex010,tn20,2100,3.144
cordex010,gel,1970,70.915
cordex010,gel,1971,65.402
cordex010,gel,1972,64.264
cordex010,gel,1973,49.292
cordex010,gel,1974,50.427
cordex010,gel,1975,52.535
cordex010,gel,1976,58.458
cordex010,gel,1977,62.679
cordex010,gel,1978,70.737
cordex010,gel,1979,62.320
cordex010,gel,1980,33.060
cordex010,gel,1981,40.834
cordex010,gel,1982,45.952
cordex010,gel,1983,60.489
cordex010,gel,1984,62.146
cordex010,gel,1985,48.511
cordex010,gel,1986,65.889
cordex010,gel,1987,81.526
cordex010,gel,1988,77.494
cordex010,gel,1989,64.964
cordex010,gel,1990,60.877
cordex010,gel,1991,73.765
cordex010,gel,1992,62.107
cordex010,gel,1993,36.929
cordex010,gel,1994,52.761
cordex010,gel,1995,63.607
cordex010,gel,1996,61.825
cordex010,gel,1997,60.957
cordex010,gel,1998,39.137
cordex010,gel,1999,48.019
cordex010,gel,2000,54.035
cordex010,gel,2001,44.442
cordex010,gel,2002,50.051
cordex010,gel,2003,58.083
cordex010,gel,2004,55.626
cordex010,gel,2005,45.617
cordex010,gel,2006,57.249
cordex010,gel,2007,48.137
cordex010,gel,2008,51.230
cordex010,gel,2009,56.528
cordex010,gel,2010,63.316
cordex010,gel,2011,55.792
cordex010,gel,2012,53.118
cordex010,gel,2013,47.403
cordex010,gel,2014,47.485
cordex010,gel,2015,58.872
cordex010,gel,2016,54.504
cordex010,gel,2017,59.207
cordex010,gel,2018,53.885
cordex010,gel,2019,42.232
cordex010,gel,2020,47.864
cordex010,gel,2021,46.113
cordex010,gel,2022,35.222
cordex010,gel,2023,33.480
cordex010,gel,2024,50.905
cordex010,gel,2025,40.243
cordex010,gel,2026,50.657
cordex010,gel,2027,56.703
cordex010,gel,2028,46.756
cordex010,gel,2029,60.405
cordex010,gel,2030,53.427
cordex010,gel,2031,44.478
cordex010,gel,2032,34.001
cordex010,gel,2033,45.898
cordex010,gel,2034,33.231
cordex010,gel,2035,49.527
cordex010,gel,2036,47.042
cordex010,gel,2037,66.665
cordex010,gel,2038,41.576
cordex010,gel,2039,31.200
cordex010,gel,2040,50.841
cordex010,gel,2041,50.342
cordex010,gel,2042,43.150
cordex010,gel,2043,47.682
cordex010,gel,2044,71.585
cordex010,gel,2045,37.542
cordex010,gel,2046,63.009
cordex010,gel,2047,45.705
cordex010,gel,2048,44.030
cordex010,gel,2049,51.076
cordex010,gel,2050,41.290
cordex010,gel,2051,51.847
cordex010,gel,2052,46.288
cordex010,gel,2053,40.251
cordex010,gel,2054,45.359
cordex010,gel,2055,44.665
cordex010,gel,2056,43.442
cordex010,gel,2057,54.994
cordex010,gel,2058,44.545
cordex010,gel,2059,32.735
cordex010,gel,2060,29.574
cordex010,gel,2061,35.404
cordex010,gel,2062,48.307
cordex010,gel,2063,33.020
cordex010,gel,2064,59.236
cordex010,gel,2065,28.661
cordex010,gel,2066,21.898
cordex010,gel,2067,34.420
cordex010,gel,2068,28.565
cordex010,gel,2069,48.219
cordex010,gel,2070,42.969
cordex010,gel,2071,37.731
cordex010,gel,2072,42.812
cordex010,gel,2073,22.407
cordex010,gel,2074,48.288
cordex010,gel,2075,54.234
cordex010,gel,2076,53.250
cordex010,gel,2077,47.681
cordex010,gel,2078,42.165
cordex010,gel,2079,20.792
cordex010,gel,2080,25.803
cordex010,gel,2081,46.684
cordex010,gel,2082,33.304
cordex010,gel,2083,33.121
cordex010,gel,2084,32.291
cordex010,gel,2085,36.265
cordex010,gel,2086,25.864
cordex010,gel,2087,33.797
cordex010,gel,2088,27.933
cordex010,gel,2089,42.191
cordex010,gel,2090,29.154
cordex010,gel,2091,21.813
cordex010,gel,2092,33.496
cordex010,gel,2093,42.676
cordex010,gel,2094,40.641
cordex010,gel,2095,35.552
cordex010,gel,2096,61.233
cordex010,gel,2097,38.419
cordex010,gel,2098,57.486
cordex010,gel,2099,24.239
cordex010,gel,2100,28.599
